{"loss": [9.6158447265625, 3.581859827041626, 3.5723843574523926, 3.53631591796875, 3.478114366531372, 3.381798028945923, 3.3015706539154053, 3.2022864818573, 3.083341121673584, 2.942261219024658, 2.8504364490509033, 2.717622756958008, 2.5719339847564697, 2.346268892288208, 2.1907479763031006, 2.0005640983581543, 1.8037711381912231, 1.6465953588485718, 1.5643211603164673, 1.3611818552017212, 1.2689279317855835, 1.169715166091919, 1.0408004522323608, 0.9895830750465393, 0.9514073729515076, 0.8180488348007202, 0.7972294092178345, 0.696528971195221, 0.6073046326637268, 0.606990396976471, 0.6038849949836731, 0.5465083718299866], "accuracy": [0.026324236765503883, 0.0272873193025589, 0.034991975873708725, 0.04911717399954796, 0.056821830570697784, 0.07351525127887726, 0.09309791028499603, 0.11332263052463531, 0.14414125680923462, 0.17174959182739258, 0.19967897236347198, 0.24205458164215088, 0.2677367627620697, 0.33194220066070557, 0.370465487241745, 0.4378812313079834, 0.47704654932022095, 0.5152487754821777, 0.5560192465782166, 0.6022471785545349, 0.6404494643211365, 0.6648474931716919, 0.6969502568244934, 0.7194221615791321, 0.7232744693756104, 0.7621187567710876, 0.7701444625854492, 0.7967897057533264, 0.8192616105079651, 0.8221508860588074, 0.8304975628852844, 0.8507223129272461], "val_loss": [3.58327317237854, 3.579113483428955, 3.5551159381866455, 3.5519731044769287, 3.324810028076172, 3.4058873653411865, 3.041954517364502, 2.9703869819641113, 2.569784164428711, 2.3678526878356934, 2.2609050273895264, 2.0481209754943848, 1.7890928983688354, 1.6206612586975098, 1.3137162923812866, 1.2661235332489014, 1.0127134323120117, 1.008470892906189, 0.7844342589378357, 0.7194904088973999, 0.9453418850898743, 0.8358058929443359, 0.7882927060127258, 0.654780387878418, 0.5981483459472656, 0.6065585017204285, 0.566478431224823, 0.6357102990150452, 0.7279266119003296, 0.574508786201477, 0.6018309593200684, 0.52228844165802], "val_accuracy": [0.028490029275417328, 0.028490029275417328, 0.03988603875041008, 0.03703703731298447, 0.1310541331768036, 0.11680911481380463, 0.1794871836900711, 0.21082621812820435, 0.31339031457901, 0.3276353180408478, 0.3988603949546814, 0.4188034236431122, 0.5441595315933228, 0.6552706360816956, 0.7179487347602844, 0.7293447256088257, 0.7578347325325012, 0.7863247990608215, 0.8262107968330383, 0.8404558300971985, 0.7948718070983887, 0.7948718070983887, 0.8404558300971985, 0.8632478713989258, 0.9002848863601685, 0.8974359035491943, 0.8831908702850342, 0.8888888955116272, 0.9031339287757874, 0.8974359035491943, 0.9031339287757874, 0.9287749528884888]}